Month,NextElection,Contribution,FirstYear,MonthAdj,MonthID
11/1/1978 0:00,11/4/1980 0:00,1825,1976,11/1/1902,1036
1/1/1979 0:00,11/4/1980 0:00,26318.72,1976,1/1/1903,1097
2/1/1979 0:00,11/4/1980 0:00,29093.6,1976,2/1/1903,1128
3/1/1979 0:00,11/4/1980 0:00,64005.92,1976,3/1/1903,1156
4/1/1979 0:00,11/4/1980 0:00,87566.16,1976,4/1/1903,1187
5/1/1979 0:00,11/4/1980 0:00,236015.68,1976,5/1/1903,1217
6/1/1979 0:00,11/4/1980 0:00,219202.4,1976,6/1/1903,1248
7/1/1979 0:00,11/4/1980 0:00,124735.12,1976,7/1/1903,1278
8/1/1979 0:00,11/4/1980 0:00,85958.96,1976,8/1/1903,1309
9/1/1979 0:00,11/4/1980 0:00,413506.32,1976,9/1/1903,1340
10/1/1979 0:00,11/4/1980 0:00,524645.84,1976,10/1/1903,1370
11/1/1979 0:00,11/4/1980 0:00,804023.12,1976,11/1/1903,1401
12/1/1979 0:00,11/4/1980 0:00,854692.56,1976,12/1/1903,1431
1/1/1980 0:00,11/4/1980 0:00,947911.33,1976,1/1/1904,1462
2/1/1980 0:00,11/4/1980 0:00,1601820.07,1976,2/1/1904,1493
3/1/1980 0:00,11/4/1980 0:00,1972248.71,1976,3/1/1904,1522
4/1/1980 0:00,11/4/1980 0:00,2096998.45,1976,4/1/1904,1553
5/1/1980 0:00,11/4/1980 0:00,2348402.44,1976,5/1/1904,1583
6/1/1980 0:00,11/4/1980 0:00,1833259.94,1976,6/1/1904,1614
7/1/1980 0:00,11/4/1980 0:00,3454760.91,1976,7/1/1904,1644
8/1/1980 0:00,11/4/1980 0:00,4947749.36,1976,8/1/1904,1675
9/1/1980 0:00,11/4/1980 0:00,10303719.89,1976,9/1/1904,1706
10/1/1980 0:00,11/4/1980 0:00,36231273.97,1976,10/1/1904,1736
11/1/1980 0:00,11/4/1980 0:00,6283680.76,1976,11/1/1904,1767
12/1/1980 0:00,11/6/1984 0:00,2748210.82,1980,12/1/1900,336
1/1/1981 0:00,11/6/1984 0:00,498774.64,1980,1/1/1901,367
2/1/1981 0:00,11/6/1984 0:00,49607.08,1980,2/1/1901,398
3/1/1981 0:00,11/6/1984 0:00,16519.1,1980,3/1/1901,426
4/1/1981 0:00,11/6/1984 0:00,43979.32,1980,4/1/1901,457
5/1/1981 0:00,11/6/1984 0:00,122105.1,1980,5/1/1901,487
6/1/1981 0:00,11/6/1984 0:00,36876.5,1980,6/1/1901,518
7/1/1981 0:00,11/6/1984 0:00,18182.8,1980,7/1/1901,548
8/1/1981 0:00,11/6/1984 0:00,8580.5,1980,8/1/1901,579
9/1/1981 0:00,11/6/1984 0:00,6922.04,1980,9/1/1901,610
10/1/1981 0:00,11/6/1984 0:00,5633,1980,10/1/1901,640
11/1/1981 0:00,11/6/1984 0:00,6288,1980,11/1/1901,671
12/1/1981 0:00,11/6/1984 0:00,5271.44,1980,12/1/1901,701
1/1/1982 0:00,11/6/1984 0:00,1852.5,1980,1/1/1902,732
2/1/1982 0:00,11/6/1984 0:00,2840.5,1980,2/1/1902,763
3/1/1982 0:00,11/6/1984 0:00,5957.64,1980,3/1/1902,791
4/1/1982 0:00,11/6/1984 0:00,15684.5,1980,4/1/1902,822
6/1/1982 0:00,11/6/1984 0:00,13639.34,1980,6/1/1902,883
7/1/1982 0:00,11/6/1984 0:00,151719.75,1980,7/1/1902,913
8/1/1982 0:00,11/6/1984 0:00,21162.96,1980,8/1/1902,944
9/1/1982 0:00,11/6/1984 0:00,115783.72,1980,9/1/1902,975
10/1/1982 0:00,11/6/1984 0:00,40384.5,1980,10/1/1902,1005
11/1/1982 0:00,11/6/1984 0:00,27787.5,1980,11/1/1902,1036
12/1/1982 0:00,11/6/1984 0:00,108186,1980,12/1/1902,1066
1/1/1983 0:00,11/6/1984 0:00,202308.72,1980,1/1/1903,1097
2/1/1983 0:00,11/6/1984 0:00,201187.81,1980,2/1/1903,1128
3/1/1983 0:00,11/6/1984 0:00,197153.49,1980,3/1/1903,1156
4/1/1983 0:00,11/6/1984 0:00,233252.05,1980,4/1/1903,1187
5/1/1983 0:00,11/6/1984 0:00,162278.61,1980,5/1/1903,1217
6/1/1983 0:00,11/6/1984 0:00,235716.14,1980,6/1/1903,1248
7/1/1983 0:00,11/6/1984 0:00,127977.33,1980,7/1/1903,1278
8/1/1983 0:00,11/6/1984 0:00,97535.9,1980,8/1/1903,1309
9/1/1983 0:00,11/6/1984 0:00,118823.63,1980,9/1/1903,1340
10/1/1983 0:00,11/6/1984 0:00,320248.05,1980,10/1/1903,1370
11/1/1983 0:00,11/6/1984 0:00,490172.27,1980,11/1/1903,1401
12/1/1983 0:00,11/6/1984 0:00,651989.61,1980,12/1/1903,1431
1/1/1984 0:00,11/6/1984 0:00,646954.77,1980,1/1/1904,1462
2/1/1984 0:00,11/6/1984 0:00,2026256.12,1980,2/1/1904,1493
3/1/1984 0:00,11/6/1984 0:00,5273739.47,1980,3/1/1904,1522
4/1/1984 0:00,11/6/1984 0:00,3477905.44,1980,4/1/1904,1553
5/1/1984 0:00,11/6/1984 0:00,3386797.79,1980,5/1/1904,1583
6/1/1984 0:00,11/6/1984 0:00,4483813.13,1980,6/1/1904,1614
7/1/1984 0:00,11/6/1984 0:00,5869537.93,1980,7/1/1904,1644
8/1/1984 0:00,11/6/1984 0:00,10136939.19,1980,8/1/1904,1675
9/1/1984 0:00,11/6/1984 0:00,8829447.66,1980,9/1/1904,1706
10/1/1984 0:00,11/6/1984 0:00,25661238.49,1980,10/1/1904,1736
11/1/1984 0:00,11/6/1984 0:00,5643705,1980,11/1/1904,1767
12/1/1984 0:00,11/8/1988 0:00,1662970.52,1984,12/1/1900,336
1/1/1985 0:00,11/8/1988 0:00,968154.59,1984,1/1/1901,367
2/1/1985 0:00,11/8/1988 0:00,344976.58,1984,2/1/1901,398
3/1/1985 0:00,11/8/1988 0:00,265993.39,1984,3/1/1901,426
4/1/1985 0:00,11/8/1988 0:00,116179.7,1984,4/1/1901,457
5/1/1985 0:00,11/8/1988 0:00,164410.74,1984,5/1/1901,487
6/1/1985 0:00,11/8/1988 0:00,87922.64,1984,6/1/1901,518
7/1/1985 0:00,11/8/1988 0:00,570809.85,1984,7/1/1901,548
8/1/1985 0:00,11/8/1988 0:00,77003.03,1984,8/1/1901,579
9/1/1985 0:00,11/8/1988 0:00,67961.92,1984,9/1/1901,610
10/1/1985 0:00,11/8/1988 0:00,46547.02,1984,10/1/1901,640
11/1/1985 0:00,11/8/1988 0:00,25242.62,1984,11/1/1901,671
12/1/1985 0:00,11/8/1988 0:00,217081.67,1984,12/1/1901,701
1/1/1986 0:00,11/8/1988 0:00,66388.98,1984,1/1/1902,732
2/1/1986 0:00,11/8/1988 0:00,19833.8,1984,2/1/1902,763
3/1/1986 0:00,11/8/1988 0:00,37801.4,1984,3/1/1902,791
4/1/1986 0:00,11/8/1988 0:00,17620.4,1984,4/1/1902,822
5/1/1986 0:00,11/8/1988 0:00,19579.91,1984,5/1/1902,852
6/1/1986 0:00,11/8/1988 0:00,29926.47,1984,6/1/1902,883
7/1/1986 0:00,11/8/1988 0:00,18879,1984,7/1/1902,913
8/1/1986 0:00,11/8/1988 0:00,18045.72,1984,8/1/1902,944
9/1/1986 0:00,11/8/1988 0:00,38237.57,1984,9/1/1902,975
10/1/1986 0:00,11/8/1988 0:00,21765.1,1984,10/1/1902,1005
11/1/1986 0:00,11/8/1988 0:00,218681.75,1984,11/1/1902,1036
12/1/1986 0:00,11/8/1988 0:00,8680,1984,12/1/1902,1066
1/1/1987 0:00,11/8/1988 0:00,29565.14,1984,1/1/1903,1097
2/1/1987 0:00,11/8/1988 0:00,164503.9,1984,2/1/1903,1128
3/1/1987 0:00,11/8/1988 0:00,196691.99,1984,3/1/1903,1156
4/1/1987 0:00,11/8/1988 0:00,979789.91,1984,4/1/1903,1187
5/1/1987 0:00,11/8/1988 0:00,485722.27,1984,5/1/1903,1217
6/1/1987 0:00,11/8/1988 0:00,663336.74,1984,6/1/1903,1248
7/1/1987 0:00,11/8/1988 0:00,401812.95,1984,7/1/1903,1278
8/1/1987 0:00,11/8/1988 0:00,347314.11,1984,8/1/1903,1309
9/1/1987 0:00,11/8/1988 0:00,419485.99,1984,9/1/1903,1340
10/1/1987 0:00,11/8/1988 0:00,553179.11,1984,10/1/1903,1370
11/1/1987 0:00,11/8/1988 0:00,658979.09,1984,11/1/1903,1401
12/1/1987 0:00,11/8/1988 0:00,708146.34,1984,12/1/1903,1431
1/1/1988 0:00,11/8/1988 0:00,657854.91,1984,1/1/1904,1462
2/1/1988 0:00,11/8/1988 0:00,1060023.75,1984,2/1/1904,1493
3/1/1988 0:00,11/8/1988 0:00,1448255.25,1984,3/1/1904,1522
4/1/1988 0:00,11/8/1988 0:00,1031680.74,1984,4/1/1904,1553
5/1/1988 0:00,11/8/1988 0:00,1125127.65,1984,5/1/1904,1583
6/1/1988 0:00,11/8/1988 0:00,2188311.12,1984,6/1/1904,1614
7/1/1988 0:00,11/8/1988 0:00,2471922.12,1984,7/1/1904,1644
8/1/1988 0:00,11/8/1988 0:00,10103246.91,1984,8/1/1904,1675
9/1/1988 0:00,11/8/1988 0:00,12965360.28,1984,9/1/1904,1706
10/1/1988 0:00,11/8/1988 0:00,27445886.7,1984,10/1/1904,1736
11/1/1988 0:00,11/8/1988 0:00,7870713.78,1984,11/1/1904,1767
12/1/1988 0:00,11/3/1992 0:00,1945286.04,1988,12/1/1900,336
1/1/1989 0:00,11/3/1992 0:00,449825.28,1988,1/1/1901,367
2/1/1989 0:00,11/3/1992 0:00,184608,1988,2/1/1901,398
3/1/1989 0:00,11/3/1992 0:00,106304.64,1988,3/1/1901,426
4/1/1989 0:00,11/3/1992 0:00,18120.96,1988,4/1/1901,457
5/1/1989 0:00,11/3/1992 0:00,36483.84,1988,5/1/1901,487
6/1/1989 0:00,11/3/1992 0:00,67526.4,1988,6/1/1901,518
7/1/1989 0:00,11/3/1992 0:00,124335.36,1988,7/1/1901,548
8/1/1989 0:00,11/3/1992 0:00,3573.12,1988,8/1/1901,579
9/1/1989 0:00,11/3/1992 0:00,38386.56,1988,9/1/1901,610
10/1/1989 0:00,11/3/1992 0:00,27682.56,1988,10/1/1901,640
11/1/1989 0:00,11/3/1992 0:00,8985.6,1988,11/1/1901,671
12/1/1989 0:00,11/3/1992 0:00,8265.6,1988,12/1/1901,701
1/1/1990 0:00,11/3/1992 0:00,240600.36,1988,1/1/1902,732
2/1/1990 0:00,11/3/1992 0:00,61135.62,1988,2/1/1902,763
3/1/1990 0:00,11/3/1992 0:00,24260.6,1988,3/1/1902,791
4/1/1990 0:00,11/3/1992 0:00,31948.28,1988,4/1/1902,822
5/1/1990 0:00,11/3/1992 0:00,27862.38,1988,5/1/1902,852
6/1/1990 0:00,11/3/1992 0:00,44804.76,1988,6/1/1902,883
7/1/1990 0:00,11/3/1992 0:00,5460,1988,7/1/1902,913
8/1/1990 0:00,11/3/1992 0:00,4184.18,1988,8/1/1902,944
9/1/1990 0:00,11/3/1992 0:00,11748.1,1988,9/1/1902,975
10/1/1990 0:00,11/3/1992 0:00,1607.06,1988,10/1/1902,1005
11/1/1990 0:00,11/3/1992 0:00,130344.76,1988,11/1/1902,1036
12/1/1990 0:00,11/3/1992 0:00,4550,1988,12/1/1902,1066
1/1/1991 0:00,11/3/1992 0:00,5118.75,1988,1/1/1903,1097
2/1/1991 0:00,11/3/1992 0:00,1750,1988,2/1/1903,1128
3/1/1991 0:00,11/3/1992 0:00,3675,1988,3/1/1903,1156
4/1/1991 0:00,11/3/1992 0:00,13128.5,1988,4/1/1903,1187
5/1/1991 0:00,11/3/1992 0:00,26582.5,1988,5/1/1903,1217
6/1/1991 0:00,11/3/1992 0:00,84140,1988,6/1/1903,1248
7/1/1991 0:00,11/3/1992 0:00,16080.75,1988,7/1/1903,1278
8/1/1991 0:00,11/3/1992 0:00,90569.5,1988,8/1/1903,1309
9/1/1991 0:00,11/3/1992 0:00,133523.25,1988,9/1/1903,1340
10/1/1991 0:00,11/3/1992 0:00,158308.5,1988,10/1/1903,1370
11/1/1991 0:00,11/3/1992 0:00,259453.25,1988,11/1/1903,1401
12/1/1991 0:00,11/3/1992 0:00,140729.75,1988,12/1/1903,1431
1/1/1992 0:00,11/3/1992 0:00,120164.5,1988,1/1/1904,1462
2/1/1992 0:00,11/3/1992 0:00,396271.7,1988,2/1/1904,1493
3/1/1992 0:00,11/3/1992 0:00,1478508.7,1988,3/1/1904,1522
4/1/1992 0:00,11/3/1992 0:00,904005.6,1988,4/1/1904,1553
5/1/1992 0:00,11/3/1992 0:00,787882,1988,5/1/1904,1583
6/1/1992 0:00,11/3/1992 0:00,1391648.9,1988,6/1/1904,1614
7/1/1992 0:00,11/3/1992 0:00,7639835.7,1988,7/1/1904,1644
8/1/1992 0:00,11/3/1992 0:00,7857275.9,1988,8/1/1904,1675
9/1/1992 0:00,11/3/1992 0:00,2847843.4,1988,9/1/1904,1706
10/1/1992 0:00,11/3/1992 0:00,27853752,1988,10/1/1904,1736
11/1/1992 0:00,11/3/1992 0:00,2172615.3,1988,11/1/1904,1767
12/1/1992 0:00,11/5/1996 0:00,1748733.9,1992,12/1/1900,336
1/1/1993 0:00,11/5/1996 0:00,22370.7,1992,1/1/1901,367
2/1/1993 0:00,11/5/1996 0:00,112143.9,1992,2/1/1901,398
3/1/1993 0:00,11/5/1996 0:00,79074.6,1992,3/1/1901,426
4/1/1993 0:00,11/5/1996 0:00,3460.05,1992,4/1/1901,457
5/1/1993 0:00,11/5/1996 0:00,17889.3,1992,5/1/1901,487
6/1/1993 0:00,11/5/1996 0:00,404769.75,1992,6/1/1901,518
7/1/1993 0:00,11/5/1996 0:00,3229.05,1992,7/1/1901,548
8/1/1993 0:00,11/5/1996 0:00,145840.2,1992,8/1/1901,579
9/1/1993 0:00,11/5/1996 0:00,375246.3,1992,9/1/1901,610
10/1/1993 0:00,11/5/1996 0:00,13530,1992,10/1/1901,640
11/1/1993 0:00,11/5/1996 0:00,21450,1992,11/1/1901,671
12/1/1993 0:00,11/5/1996 0:00,197389.5,1992,12/1/1901,701
1/1/1994 0:00,11/5/1996 0:00,4292.26,1992,1/1/1902,732
2/1/1994 0:00,11/5/1996 0:00,24150,1992,2/1/1902,763
3/1/1994 0:00,11/5/1996 0:00,62827.03,1992,3/1/1902,791
4/1/1994 0:00,11/5/1996 0:00,205841.72,1992,4/1/1902,822
5/1/1994 0:00,11/5/1996 0:00,28175,1992,5/1/1902,852
6/1/1994 0:00,11/5/1996 0:00,14490,1992,6/1/1902,883
7/1/1994 0:00,11/5/1996 0:00,541835.84,1992,7/1/1902,913
8/1/1994 0:00,11/5/1996 0:00,1344.35,1992,8/1/1902,944
9/1/1994 0:00,11/5/1996 0:00,33692.47,1992,9/1/1902,975
10/1/1994 0:00,11/5/1996 0:00,10465,1992,10/1/1902,1005
11/1/1994 0:00,11/5/1996 0:00,104864.13,1992,11/1/1902,1036
12/1/1994 0:00,11/5/1996 0:00,64863.68,1992,12/1/1902,1066
1/1/1995 0:00,11/5/1996 0:00,64974,1992,1/1/1903,1097
2/1/1995 0:00,11/5/1996 0:00,259911.6,1992,2/1/1903,1128
3/1/1995 0:00,11/5/1996 0:00,467120.16,1992,3/1/1903,1156
4/1/1995 0:00,11/5/1996 0:00,411081.84,1992,4/1/1903,1187
5/1/1995 0:00,11/5/1996 0:00,336293.88,1992,5/1/1903,1217
6/1/1995 0:00,11/5/1996 0:00,773011.2,1992,6/1/1903,1248
7/1/1995 0:00,11/5/1996 0:00,144175.2,1992,7/1/1903,1278
8/1/1995 0:00,11/5/1996 0:00,174865.08,1992,8/1/1903,1309
9/1/1995 0:00,11/5/1996 0:00,217669.92,1992,9/1/1903,1340
10/1/1995 0:00,11/5/1996 0:00,203151,1992,10/1/1903,1370
11/1/1995 0:00,11/5/1996 0:00,238736.16,1992,11/1/1903,1401
12/1/1995 0:00,11/5/1996 0:00,210269.28,1992,12/1/1903,1431
1/1/1996 0:00,11/5/1996 0:00,228836,1992,1/1/1904,1462
2/1/1996 0:00,11/5/1996 0:00,441563.04,1992,2/1/1904,1493
3/1/1996 0:00,11/5/1996 0:00,178426.72,1992,3/1/1904,1522
4/1/1996 0:00,11/5/1996 0:00,1012014.48,1992,4/1/1904,1553
5/1/1996 0:00,11/5/1996 0:00,311084.72,1992,5/1/1904,1583
6/1/1996 0:00,11/5/1996 0:00,889192.4,1992,6/1/1904,1614
7/1/1996 0:00,11/5/1996 0:00,1097947.68,1992,7/1/1904,1644
8/1/1996 0:00,11/5/1996 0:00,10513543.6,1992,8/1/1904,1675
9/1/1996 0:00,11/5/1996 0:00,2557945.68,1992,9/1/1904,1706
10/1/1996 0:00,11/5/1996 0:00,17675221.2,1992,10/1/1904,1736
11/1/1996 0:00,11/5/1996 0:00,1902901.68,1992,11/1/1904,1767
12/1/1996 0:00,11/7/2000 0:00,1363739.44,1996,12/1/1900,336
1/1/1997 0:00,11/7/2000 0:00,1116480.92,1996,1/1/1901,367
2/1/1997 0:00,11/7/2000 0:00,41718.24,1996,2/1/1901,398
3/1/1997 0:00,11/7/2000 0:00,109044.92,1996,3/1/1901,426
4/1/1997 0:00,11/7/2000 0:00,79116.36,1996,4/1/1901,457
5/1/1997 0:00,11/7/2000 0:00,10502.08,1996,5/1/1901,487
6/1/1997 0:00,11/7/2000 0:00,1478394.2,1996,6/1/1901,518
7/1/1997 0:00,11/7/2000 0:00,37466.2,1996,7/1/1901,548
8/1/1997 0:00,11/7/2000 0:00,17421.08,1996,8/1/1901,579
9/1/1997 0:00,11/7/2000 0:00,69009.44,1996,9/1/1901,610
10/1/1997 0:00,11/7/2000 0:00,209498.44,1996,10/1/1901,640
11/1/1997 0:00,11/7/2000 0:00,127650,1996,11/1/1901,671
12/1/1997 0:00,11/7/2000 0:00,83417.24,1996,12/1/1901,701
1/1/1998 0:00,11/7/2000 0:00,39858,1996,1/1/1902,732
2/1/1998 0:00,11/7/2000 0:00,157793.88,1996,2/1/1902,763
3/1/1998 0:00,11/7/2000 0:00,811974.62,1996,3/1/1902,791
4/1/1998 0:00,11/7/2000 0:00,650459.2,1996,4/1/1902,822
5/1/1998 0:00,11/7/2000 0:00,241762.86,1996,5/1/1902,852
6/1/1998 0:00,11/7/2000 0:00,251219.28,1996,6/1/1902,883
7/1/1998 0:00,11/7/2000 0:00,75738.96,1996,7/1/1902,913
8/1/1998 0:00,11/7/2000 0:00,307401.54,1996,8/1/1902,944
9/1/1998 0:00,11/7/2000 0:00,224921.76,1996,9/1/1902,975
10/1/1998 0:00,11/7/2000 0:00,1256784.06,1996,10/1/1902,1005
12/1/1998 0:00,11/7/2000 0:00,11769.06,1996,12/1/1902,1066
1/1/1999 0:00,11/7/2000 0:00,2753941.19,1996,1/1/1903,1097
2/1/1999 0:00,11/7/2000 0:00,172897.01,1996,2/1/1903,1128
3/1/1999 0:00,11/7/2000 0:00,624908.57,1996,3/1/1903,1156
4/1/1999 0:00,11/7/2000 0:00,179340.59,1996,4/1/1903,1187
5/1/1999 0:00,11/7/2000 0:00,315433.69,1996,5/1/1903,1217
6/1/1999 0:00,11/7/2000 0:00,744315,1996,6/1/1903,1248
7/1/1999 0:00,11/7/2000 0:00,271774.36,1996,7/1/1903,1278
8/1/1999 0:00,11/7/2000 0:00,581897.03,1996,8/1/1903,1309
9/1/1999 0:00,11/7/2000 0:00,313221.48,1996,9/1/1903,1340
10/1/1999 0:00,11/7/2000 0:00,154477.18,1996,10/1/1903,1370
11/1/1999 0:00,11/7/2000 0:00,203933.73,1996,11/1/1903,1401
12/1/1999 0:00,11/7/2000 0:00,345433.66,1996,12/1/1903,1431
1/1/2000 0:00,11/7/2000 0:00,579187.38,1996,1/1/1904,1462
2/1/2000 0:00,11/7/2000 0:00,2053578,1996,2/1/1904,1493
3/1/2000 0:00,11/7/2000 0:00,2956823.88,1996,3/1/1904,1522
4/1/2000 0:00,11/7/2000 0:00,344425.92,1996,4/1/1904,1553
5/1/2000 0:00,11/7/2000 0:00,560681.58,1996,5/1/1904,1583
6/1/2000 0:00,11/7/2000 0:00,671122.98,1996,6/1/1904,1614
7/1/2000 0:00,11/7/2000 0:00,509961.06,1996,7/1/1904,1644
8/1/2000 0:00,11/7/2000 0:00,512342.94,1996,8/1/1904,1675
9/1/2000 0:00,11/7/2000 0:00,24815509.14,1996,9/1/1904,1706
10/1/2000 0:00,11/7/2000 0:00,29839396.38,1996,10/1/1904,1736
11/1/2000 0:00,11/7/2000 0:00,8557638.06,1996,11/1/1904,1767
12/1/2000 0:00,11/2/2004 0:00,3383830.38,2000,12/1/1900,336
1/1/2001 0:00,11/2/2004 0:00,137221.36,2000,1/1/1901,367
2/1/2001 0:00,11/2/2004 0:00,415903.84,2000,2/1/1901,398
3/1/2001 0:00,11/2/2004 0:00,27420.42,2000,3/1/1901,426
4/1/2001 0:00,11/2/2004 0:00,13067.68,2000,4/1/1901,457
5/1/2001 0:00,11/2/2004 0:00,262823.58,2000,5/1/1901,487
6/1/2001 0:00,11/2/2004 0:00,6757.62,2000,6/1/1901,518
8/1/2001 0:00,11/2/2004 0:00,2144,2000,8/1/1901,579
9/1/2001 0:00,11/2/2004 0:00,1474,2000,9/1/1901,610
10/1/2001 0:00,11/2/2004 0:00,13666.66,2000,10/1/1901,640
11/1/2001 0:00,11/2/2004 0:00,5690.98,2000,11/1/1901,671
12/1/2001 0:00,11/2/2004 0:00,140154.62,2000,12/1/1901,701
1/1/2002 0:00,11/2/2004 0:00,1320,2000,1/1/1902,732
2/1/2002 0:00,11/2/2004 0:00,3960,2000,2/1/1902,763
3/1/2002 0:00,11/2/2004 0:00,2640,2000,3/1/1902,791
4/1/2002 0:00,11/2/2004 0:00,27720,2000,4/1/1902,822
5/1/2002 0:00,11/2/2004 0:00,7258.68,2000,5/1/1902,852
6/1/2002 0:00,11/2/2004 0:00,7920,2000,6/1/1902,883
8/1/2002 0:00,11/2/2004 0:00,2640,2000,8/1/1902,944
9/1/2002 0:00,11/2/2004 0:00,908.16,2000,9/1/1902,975
10/1/2002 0:00,11/2/2004 0:00,7260,2000,10/1/1902,1005
11/1/2002 0:00,11/2/2004 0:00,2970,2000,11/1/1902,1036
12/1/2002 0:00,11/2/2004 0:00,3499833.48,2000,12/1/1902,1066
1/1/2003 0:00,11/2/2004 0:00,30861.96,2000,1/1/1903,1097
2/1/2003 0:00,11/2/2004 0:00,38609.7,2000,2/1/1903,1128
3/1/2003 0:00,11/2/2004 0:00,197924.7,2000,3/1/1903,1156
4/1/2003 0:00,11/2/2004 0:00,61806.48,2000,4/1/1903,1187
5/1/2003 0:00,11/2/2004 0:00,92695.53,2000,5/1/1903,1217
6/1/2003 0:00,11/2/2004 0:00,1542789.69,2000,6/1/1903,1248
7/1/2003 0:00,11/2/2004 0:00,291885.72,2000,7/1/1903,1278
8/1/2003 0:00,11/2/2004 0:00,309572.91,2000,8/1/1903,1309
9/1/2003 0:00,11/2/2004 0:00,1181503.26,2000,9/1/1903,1340
10/1/2003 0:00,11/2/2004 0:00,752711.13,2000,10/1/1903,1370
11/1/2003 0:00,11/2/2004 0:00,608161.47,2000,11/1/1903,1401
12/1/2003 0:00,11/2/2004 0:00,1809734.55,2000,12/1/1903,1431
1/1/2004 0:00,11/2/2004 0:00,5173614.18,2000,1/1/1904,1462
2/1/2004 0:00,11/2/2004 0:00,1797416.46,2000,2/1/1904,1493
3/1/2004 0:00,11/2/2004 0:00,1822096.08,2000,3/1/1904,1522
4/1/2004 0:00,11/2/2004 0:00,769582.8,2000,4/1/1904,1553
5/1/2004 0:00,11/2/2004 0:00,508495.68,2000,5/1/1904,1583
6/1/2004 0:00,11/2/2004 0:00,5652754.38,2000,6/1/1904,1614
7/1/2004 0:00,11/2/2004 0:00,19362315.42,2000,7/1/1904,1644
8/1/2004 0:00,11/2/2004 0:00,51277986.9,2000,8/1/1904,1675
9/1/2004 0:00,11/2/2004 0:00,61074233.64,2000,9/1/1904,1706
10/1/2004 0:00,11/2/2004 0:00,172401542.5,2000,10/1/1904,1736
11/1/2004 0:00,11/2/2004 0:00,10304645.4,2000,11/1/1904,1767
12/1/2004 0:00,11/4/2008 0:00,4050637.92,2004,12/1/1900,336
1/1/2005 0:00,11/4/2008 0:00,589177.04,2004,1/1/1901,367
2/1/2005 0:00,11/4/2008 0:00,1815013.52,2004,2/1/1901,398
3/1/2005 0:00,11/4/2008 0:00,15678.22,2004,3/1/1901,426
4/1/2005 0:00,11/4/2008 0:00,166708.12,2004,4/1/1901,457
5/1/2005 0:00,11/4/2008 0:00,17239.82,2004,5/1/1901,487
6/1/2005 0:00,11/4/2008 0:00,87189.74,2004,6/1/1901,518
7/1/2005 0:00,11/4/2008 0:00,14626.58,2004,7/1/1901,548
8/1/2005 0:00,11/4/2008 0:00,98959.08,2004,8/1/1901,579
9/1/2005 0:00,11/4/2008 0:00,3175.66,2004,9/1/1901,610
10/1/2005 0:00,11/4/2008 0:00,73.2,2004,10/1/1901,640
11/1/2005 0:00,11/4/2008 0:00,5490,2004,11/1/1901,671
12/1/2005 0:00,11/4/2008 0:00,5490,2004,12/1/1901,701
2/1/2006 0:00,11/4/2008 0:00,60797.14,2004,2/1/1902,763
3/1/2006 0:00,11/4/2008 0:00,6490,2004,3/1/1902,791
4/1/2006 0:00,11/4/2008 0:00,1180,2004,4/1/1902,822
5/1/2006 0:00,11/4/2008 0:00,27262.72,2004,5/1/1902,852
6/1/2006 0:00,11/4/2008 0:00,86.14,2004,6/1/1902,883
7/1/2006 0:00,11/4/2008 0:00,5923.6,2004,7/1/1902,913
8/1/2006 0:00,11/4/2008 0:00,619.5,2004,8/1/1902,944
9/1/2006 0:00,11/4/2008 0:00,11062.5,2004,9/1/1902,975
10/1/2006 0:00,11/4/2008 0:00,1550.52,2004,10/1/1902,1005
11/1/2006 0:00,11/4/2008 0:00,605545.32,2004,11/1/1902,1036
12/1/2006 0:00,11/4/2008 0:00,1515326.5,2004,12/1/1902,1066
1/1/2007 0:00,11/4/2008 0:00,212176.15,2004,1/1/1903,1097
2/1/2007 0:00,11/4/2008 0:00,744506.55,2004,2/1/1903,1128
3/1/2007 0:00,11/4/2008 0:00,1049906.3,2004,3/1/1903,1156
4/1/2007 0:00,11/4/2008 0:00,309632.9,2004,4/1/1903,1187
5/1/2007 0:00,11/4/2008 0:00,493973.3,2004,5/1/1903,1217
6/1/2007 0:00,11/4/2008 0:00,727736.1,2004,6/1/1903,1248
7/1/2007 0:00,11/4/2008 0:00,344864.3,2004,7/1/1903,1278
8/1/2007 0:00,11/4/2008 0:00,293931.95,2004,8/1/1903,1309
9/1/2007 0:00,11/4/2008 0:00,707904.35,2004,9/1/1903,1340
10/1/2007 0:00,11/4/2008 0:00,747027.35,2004,10/1/1903,1370
11/1/2007 0:00,11/4/2008 0:00,1777902.3,2004,11/1/1903,1401
12/1/2007 0:00,11/4/2008 0:00,4195758.9,2004,12/1/1903,1431
1/1/2008 0:00,11/4/2008 0:00,5501221.05,2004,1/1/1904,1462
2/1/2008 0:00,11/4/2008 0:00,12220522.8,2004,2/1/1904,1493
3/1/2008 0:00,11/4/2008 0:00,6502789.59,2004,3/1/1904,1522
4/1/2008 0:00,11/4/2008 0:00,12635326.47,2004,4/1/1904,1553
5/1/2008 0:00,11/4/2008 0:00,4217417.25,2004,5/1/1904,1583
6/1/2008 0:00,11/4/2008 0:00,3435536.58,2004,6/1/1904,1614
7/1/2008 0:00,11/4/2008 0:00,10517455.35,2004,7/1/1904,1644
8/1/2008 0:00,11/4/2008 0:00,19062754.83,2004,8/1/1904,1675
9/1/2008 0:00,11/4/2008 0:00,40580585.46,2004,9/1/1904,1706
10/1/2008 0:00,11/4/2008 0:00,143727114.6,2004,10/1/1904,1736
11/1/2008 0:00,11/4/2008 0:00,19073425.26,2004,11/1/1904,1767
12/1/2008 0:00,11/6/2012 0:00,3227623.59,2008,12/1/1900,336
1/1/2009 0:00,11/6/2012 0:00,1719598.68,2008,1/1/1901,367
2/1/2009 0:00,11/6/2012 0:00,298240.35,2008,2/1/1901,398
3/1/2009 0:00,11/6/2012 0:00,203566.23,2008,3/1/1901,426
4/1/2009 0:00,11/6/2012 0:00,151742.55,2008,4/1/1901,457
5/1/2009 0:00,11/6/2012 0:00,22555.2,2008,5/1/1901,487
6/1/2009 0:00,11/6/2012 0:00,493160.79,2008,6/1/1901,518
7/1/2009 0:00,11/6/2012 0:00,74968.29,2008,7/1/1901,548
8/1/2009 0:00,11/6/2012 0:00,175667.49,2008,8/1/1901,579
9/1/2009 0:00,11/6/2012 0:00,180283.98,2008,9/1/1901,610
10/1/2009 0:00,11/6/2012 0:00,160192.98,2008,10/1/1901,640
11/1/2009 0:00,11/6/2012 0:00,360804.39,2008,11/1/1901,671
12/1/2009 0:00,11/6/2012 0:00,33018.06,2008,12/1/1901,701
1/1/2010 0:00,11/6/2012 0:00,150544.26,2008,1/1/1902,732
2/1/2010 0:00,11/6/2012 0:00,24541.35,2008,2/1/1902,763
3/1/2010 0:00,11/6/2012 0:00,156205.72,2008,3/1/1902,791
4/1/2010 0:00,11/6/2012 0:00,12616.75,2008,4/1/1902,822
5/1/2010 0:00,11/6/2012 0:00,25678.22,2008,5/1/1902,852
6/1/2010 0:00,11/6/2012 0:00,12863.09,2008,6/1/1902,883
7/1/2010 0:00,11/6/2012 0:00,2913.57,2008,7/1/1902,913
8/1/2010 0:00,11/6/2012 0:00,1837.74,2008,8/1/1902,944
9/1/2010 0:00,11/6/2012 0:00,26885.94,2008,9/1/1902,975
10/1/2010 0:00,11/6/2012 0:00,6227.17,2008,10/1/1902,1005
11/1/2010 0:00,11/6/2012 0:00,499577.52,2008,11/1/1902,1036
12/1/2010 0:00,11/6/2012 0:00,202413,2008,12/1/1902,1066
1/1/2011 0:00,11/6/2012 0:00,249787.94,2008,1/1/1903,1097
2/1/2011 0:00,11/6/2012 0:00,292602.4,2008,2/1/1903,1128
3/1/2011 0:00,11/6/2012 0:00,311208.58,2008,3/1/1903,1156
4/1/2011 0:00,11/6/2012 0:00,658786.82,2008,4/1/1903,1187
5/1/2011 0:00,11/6/2012 0:00,324851.84,2008,5/1/1903,1217
6/1/2011 0:00,11/6/2012 0:00,315586.38,2008,6/1/1903,1248
7/1/2011 0:00,11/6/2012 0:00,581325.2,2008,7/1/1903,1278
8/1/2011 0:00,11/6/2012 0:00,684416.56,2008,8/1/1903,1309
9/1/2011 0:00,11/6/2012 0:00,867657.7,2008,9/1/1903,1340
10/1/2011 0:00,11/6/2012 0:00,427748.16,2008,10/1/1903,1370
11/1/2011 0:00,11/6/2012 0:00,3467499.56,2008,11/1/1903,1401
12/1/2011 0:00,11/6/2012 0:00,11197209.3,2008,12/1/1903,1431
1/1/2012 0:00,11/6/2012 0:00,31891889.12,2008,1/1/1904,1462
2/1/2012 0:00,11/6/2012 0:00,23101575.12,2008,2/1/1904,1493
3/1/2012 0:00,11/6/2012 0:00,19427642,2008,3/1/1904,1522
4/1/2012 0:00,11/6/2012 0:00,5227934.4,2008,4/1/1904,1553
5/1/2012 0:00,11/6/2012 0:00,11504376,2008,5/1/1904,1583
6/1/2012 0:00,11/6/2012 0:00,17997122,2008,6/1/1904,1614
7/1/2012 0:00,11/6/2012 0:00,59831287.36,2008,7/1/1904,1644
8/1/2012 0:00,11/6/2012 0:00,90825839.52,2008,8/1/1904,1675
9/1/2012 0:00,11/6/2012 0:00,86845324.8,2008,9/1/1904,1706
10/1/2012 0:00,11/6/2012 0:00,274328054,2008,10/1/1904,1736
11/1/2012 0:00,11/6/2012 0:00,48835707.44,2008,11/1/1904,1767
